index,y_pred
0,0.4
1,0.54
2,0.43
3,0.39
4,0.5
5,0.55
6,0.37
7,0.57
8,0.54
9,1.0
10,0.38
11,0.29
12,0.64
13,0.38
14,0.43
15,0.37
16,0.52
17,1.0
18,0.5
19,0.34
20,0.43
21,1.0
22,0.48
23,0.55
24,0.45
25,0.49
26,1.0
27,1.0
28,0.38
29,0.41
30,0.45
31,1.0
32,0.27
33,0.49
34,0.36
35,0.44
36,0.53
37,0.53
38,1.0
39,1.0
40,0.44
41,0.57
42,0.55
43,0.39
44,0.43
45,0.34
46,0.69
47,1.0
48,1.0
49,1.0
50,0.29
51,0.54
52,0.38
53,0.29
54,1.0
55,0.4
56,0.36
57,0.31
58,0.56
59,0.38
60,0.59
61,1.0
62,0.39
63,1.0
64,1.0
65,1.0
66,0.37
67,0.49
68,1.0
69,0.43
70,0.35
71,0.51
72,0.49
73,0.58
74,0.36
75,1.0
76,1.0
77,1.0
78,1.0
79,0.5
80,0.3
81,0.35
82,0.49
83,0.4
84,0.54
85,0.51
86,0.28
87,1.0
88,0.45
89,0.48
90,1.0
91,0.49
92,0.39
93,0.44
94,0.45
95,0.47
96,0.38
97,1.0
98,0.22
99,1.0
100,0.59
101,1.0
102,0.39
103,0.61
104,1.0
105,0.45
106,0.31
107,0.46
108,0.61
109,1.0
110,1.0
111,1.0
112,0.46
113,0.46
114,1.0
115,0.4
116,0.55
117,0.44
118,0.44
119,1.0
120,1.0
121,0.42
122,0.52
123,0.36
124,1.0
125,1.0
126,0.49
127,1.0
128,1.0
129,0.4
130,0.54
131,0.39
132,0.31
133,0.44
134,0.37
135,1.0
136,1.0
137,0.35
138,0.23
139,0.45
140,1.0
141,0.27
142,0.31
143,0.5
144,0.58
145,0.47
146,0.52
147,0.59
148,0.37
149,0.3
150,0.42
151,0.57
152,0.48
153,0.44
154,0.46
155,0.24
156,0.52
157,1.0
158,0.45
159,1.0
160,0.42
161,0.39
162,0.4
163,0.66
164,1.0
165,0.53
166,0.28
167,0.39
168,1.0
169,1.0
170,0.37
171,1.0
172,1.0
173,0.29
174,0.72
175,0.3
176,0.29
177,0.58
178,0.36
179,0.41
180,0.6
181,0.69
182,0.63
183,0.41
184,1.0
185,0.33
186,0.38
187,1.0
188,0.38
189,0.51
190,0.38
191,1.0
192,0.41
193,0.49
194,1.0
195,0.53
196,0.55
197,0.43
198,0.48
199,0.44
200,0.56
201,0.65
202,0.23
203,0.44
204,0.38
205,1.0
206,0.57
207,0.4
208,0.3
209,0.41
210,0.66
211,0.53
212,1.0
213,1.0
214,1.0
215,0.44
216,0.37
217,0.55
218,0.38
219,1.0
220,0.45
221,0.52
222,0.4
223,0.36
224,1.0
225,0.56
226,0.52
227,0.31
228,1.0
229,1.0
230,1.0
231,0.56
232,1.0
233,0.29
234,0.51
235,1.0
236,0.22
237,0.4
238,1.0
239,0.45
240,1.0
241,0.62
242,0.41
243,0.43
244,1.0
245,1.0
246,1.0
247,1.0
248,1.0
249,0.28
250,0.41
251,1.0
252,1.0
253,0.57
254,0.24
255,0.45
256,0.43
257,0.41
258,0.27
259,1.0
260,0.33
261,0.59
262,0.39
263,0.35
264,0.51
265,1.0
266,0.45
267,0.39
268,0.49
269,0.38
270,0.45
271,0.44
272,0.41
273,1.0
274,0.29
275,0.48
276,0.6
277,0.53
278,1.0
279,1.0
280,0.3
281,1.0
282,1.0
283,1.0
284,1.0
285,1.0
286,1.0
287,0.35
288,0.48
289,0.33
290,0.45
291,0.51
292,0.44
293,0.4
294,0.34
295,0.4
296,0.39
297,0.45
298,0.57
299,0.38
300,1.0
301,0.4
302,0.5
303,0.5
304,0.45
305,0.57
306,0.44
307,1.0
308,0.39
309,1.0
310,1.0
311,0.33
312,1.0
313,0.47
314,1.0
315,1.0
316,0.42
317,0.41
318,1.0
319,1.0
320,0.46
321,0.4
322,0.39
323,0.46
324,0.48
325,0.19
326,1.0
327,0.49
328,0.48
329,0.44
330,0.4
331,0.46
332,0.47
333,0.29
334,0.5
335,0.61
336,0.41
337,1.0
338,0.29
339,0.38
340,0.32
341,1.0
342,0.32
343,0.28
344,0.37
345,1.0
346,1.0
347,1.0
348,0.44
349,0.36
350,1.0
351,0.42
352,1.0
353,1.0
354,0.39
355,0.66
356,1.0
357,0.56
358,0.51
359,0.53
360,0.37
361,0.27
362,0.31
363,1.0
364,0.6
365,0.63
366,0.46
367,0.41
368,0.39
369,1.0
370,0.51
371,0.31
372,0.47
373,0.59
374,0.57
375,0.44
376,1.0
377,0.45
378,0.41
379,1.0
380,0.46
381,0.55
382,0.29
383,0.5
384,0.29
385,0.31
386,0.43
387,0.27
388,0.43
389,0.4
390,0.49
391,0.43
392,0.61
393,1.0
394,1.0
395,1.0
396,0.31
397,0.44
398,0.27
399,1.0
400,1.0
401,1.0
402,0.36
403,0.46
404,0.33
405,0.41
406,0.51
407,0.5
408,0.54
409,0.28
410,0.24
411,1.0
412,0.43
413,0.42
414,0.26
415,0.71
416,0.35
417,0.4
418,1.0
419,0.43
420,1.0
421,1.0
422,1.0
423,0.52
424,0.29
425,1.0
426,0.45
427,0.47
428,0.47
429,1.0
430,0.41
431,0.43
432,0.26
433,0.57
434,0.26
435,0.37
436,0.56
437,1.0
438,0.49
439,0.45
440,1.0
441,0.45
442,0.5
443,0.73
444,1.0
445,0.44
446,0.54
447,1.0
448,0.36
449,0.62
450,0.46
451,0.42
452,1.0
453,0.34
454,1.0
455,1.0
456,0.44
457,0.59
458,0.5
459,0.46
460,0.38
461,0.59
462,1.0
463,0.3
464,1.0
465,0.48
466,1.0
467,0.37
468,1.0
469,0.46
470,0.6
471,0.55
472,0.56
473,1.0
474,0.66
475,0.44
476,0.33
477,0.59
478,1.0
479,0.44
480,0.5
481,0.41
482,0.29
483,0.4
484,0.58
485,0.41
486,0.51
487,1.0
488,0.27
489,0.39
490,1.0
491,0.43
492,0.35
493,1.0
494,0.38
495,0.45
496,1.0
497,0.4
498,0.37
499,0.55
500,0.56
501,0.4
502,1.0
503,1.0
504,0.48
505,0.27
506,1.0
507,0.69
508,0.43
509,0.45
510,1.0
511,0.35
512,1.0
513,0.43
514,0.55
515,0.39
516,0.41
517,0.41
518,0.63
519,0.42
520,0.48
521,0.46
522,0.49
523,0.45
524,0.47
525,1.0
526,0.36
527,1.0
528,1.0
529,0.59
530,1.0
531,0.25
532,1.0
533,1.0
534,1.0
535,0.52
536,1.0
537,0.47
538,0.36
539,0.36
540,0.44
541,0.34
542,1.0
543,1.0
544,0.47
545,1.0
546,0.46
547,1.0
548,0.5
549,1.0
550,0.46
551,0.49
552,1.0
553,1.0
554,0.35
555,1.0
556,0.41
557,0.52
558,0.35
559,0.53
560,1.0
561,0.38
562,0.4
563,1.0
564,0.54
565,0.52
566,0.52
567,0.45
568,1.0
569,0.43
570,1.0
571,0.59
572,0.46
573,0.42
574,0.51
575,1.0
576,0.73
577,0.34
578,0.46
579,0.39
580,1.0
581,1.0
582,0.34
583,0.42
584,1.0
585,0.38
586,0.33
587,1.0
588,0.39
589,0.35
590,0.43
591,1.0
592,1.0
593,0.61
594,0.42
595,0.45
596,0.31
597,1.0
598,0.46
599,0.5
600,1.0
601,0.31
602,1.0
603,0.57
604,0.52
605,1.0
606,1.0
607,1.0
608,1.0
609,0.65
610,0.5
611,0.53
612,0.29
613,0.34
614,0.31
615,1.0
616,0.44
617,0.39
618,0.24
619,0.45
620,0.38
621,0.43
622,0.32
623,0.29
624,0.3
625,0.42
626,0.54
627,0.43
628,1.0
629,0.69
630,0.66
631,0.42
632,1.0
633,1.0
634,0.43
635,1.0
636,0.39
637,0.32
638,0.64
639,0.36
640,0.45
641,1.0
642,0.26
643,0.41
644,1.0
645,0.43
646,0.47
647,1.0
648,0.56
649,0.53
650,0.48
651,0.56
652,1.0
653,1.0
654,0.39
655,0.39
656,0.45
657,0.25
658,0.64
659,1.0
660,0.33
661,1.0
662,0.53
663,1.0
664,0.44
665,0.53
666,0.33
667,0.39
668,0.45
669,0.58
670,1.0
671,0.4
672,0.39
673,0.41
674,0.31
675,0.4
676,0.51
677,1.0
678,0.36
679,0.47
680,1.0
681,1.0
682,1.0
683,0.58
684,0.4
685,1.0
686,0.36
687,1.0
688,1.0
689,0.37
690,1.0
691,1.0
692,1.0
693,0.51
694,1.0
695,0.47
696,0.39
697,1.0
698,0.38
699,0.32
700,0.63
701,0.22
702,1.0
703,0.39
704,0.21
705,0.52
706,0.54
707,0.55
708,0.62
709,0.52
710,1.0
711,0.37
712,0.45
713,1.0
714,0.57
715,0.44
716,0.49
717,0.37
718,0.4
719,1.0
720,0.64
721,0.34
722,0.49
723,0.47
724,0.44
725,0.32
726,0.4
727,0.49
728,0.69
729,0.24
730,1.0
731,0.19
732,1.0
733,0.46
734,0.44
735,0.43
736,0.4
737,1.0
738,0.46
739,0.32
740,0.32
741,1.0
742,0.45
743,0.42
744,0.45
745,0.37
746,0.35
747,1.0
748,1.0
749,0.52
750,0.36
751,0.36
752,1.0
753,0.45
754,1.0
755,0.36
756,1.0
757,0.55
758,1.0
759,0.39
760,1.0
761,0.29
762,0.49
763,1.0
764,0.44
765,0.46
766,1.0
767,1.0
768,0.32
769,0.28
770,1.0
771,0.5
772,1.0
773,0.4
774,0.46
775,1.0
776,0.3
777,0.53
778,1.0
779,0.48
780,0.48
781,0.12
782,1.0
783,0.73
784,0.53
785,1.0
786,1.0
787,0.38
788,1.0
789,0.57
790,1.0
791,0.72
792,0.47
793,0.39
794,0.37
795,1.0
796,0.37
797,1.0
798,0.34
799,1.0
800,1.0
801,1.0
802,1.0
803,0.39
804,0.18
805,0.54
806,0.34
807,0.35
808,0.47
809,0.32
810,1.0
811,0.3
812,1.0
813,0.37
814,0.43
815,0.11
816,0.65
817,1.0
818,0.45
819,0.47
820,0.3
821,0.35
822,0.72
823,0.52
824,0.46
825,1.0
826,0.42
827,0.59
828,0.47
829,0.61
830,0.48
831,0.46
832,0.51
833,1.0
834,1.0
835,0.51
836,0.3
837,0.37
838,0.32
839,1.0
840,0.36
841,0.35
842,0.47
843,0.5
844,0.48
845,1.0
846,0.39
847,0.38
848,0.58
849,1.0
850,1.0
851,0.6
852,0.5
853,0.59
854,0.3
855,0.33
856,0.61
857,0.31
858,0.31
859,0.43
860,1.0
861,0.3
862,0.41
863,0.58
864,0.26
865,0.46
866,1.0
867,0.39
868,0.49
869,1.0
870,1.0
871,1.0
872,1.0
873,0.48
874,0.48
875,1.0
876,0.35
877,0.54
878,0.55
879,1.0
880,1.0
881,0.26
882,0.39
883,0.43
884,0.5
885,1.0
886,0.31
887,0.35
888,1.0
889,0.37
890,0.55
891,1.0
892,0.34
893,0.37
894,0.4
895,0.33
896,1.0
897,0.44
898,1.0
899,0.39
900,0.67
901,0.33
902,1.0
903,0.34
904,0.5
905,1.0
906,0.45
907,1.0
908,0.52
909,0.33
910,0.37
911,0.46
912,1.0
913,0.51
914,1.0
915,0.36
916,1.0
917,0.6
918,0.37
919,1.0
920,1.0
921,1.0
922,0.51
923,0.43
924,1.0
925,0.37
926,0.38
927,0.29
928,1.0
929,0.47
930,0.31
931,1.0
932,0.55
933,0.46
934,0.46
935,1.0
936,0.43
937,0.65
938,0.25
939,0.22
940,0.3
941,0.6
942,0.35
943,0.54
944,1.0
945,1.0
946,1.0
947,0.36
948,1.0
949,0.57
950,1.0
951,0.51
952,1.0
953,1.0
954,0.44
955,1.0
956,0.59
957,0.51
958,0.3
959,0.55
960,0.41
961,0.32
962,0.41
963,0.33
964,0.15
965,0.36
966,0.49
967,1.0
968,1.0
969,1.0
970,0.49
971,1.0
972,1.0
973,0.39
974,1.0
975,1.0
976,0.55
977,0.64
978,0.35
979,0.29
980,1.0
981,0.35
982,0.49
983,1.0
984,0.63
985,0.38
986,0.38
987,1.0
988,0.55
989,0.5
990,0.58
991,0.43
992,0.41
993,0.31
994,0.29
995,0.47
996,0.47
997,0.62
998,0.35
999,1.0
1000,1.0
1001,1.0
1002,0.3
1003,1.0
1004,1.0
1005,0.37
1006,0.39
1007,1.0
1008,0.56
1009,1.0
1010,0.36
1011,1.0
1012,1.0
1013,0.47
1014,0.43
1015,0.44
1016,0.57
1017,0.3
1018,1.0
1019,0.66
1020,0.33
1021,1.0
1022,0.36
1023,0.51
1024,0.44
1025,0.44
1026,0.39
1027,0.32
1028,1.0
1029,0.35
1030,0.59
1031,0.45
1032,0.37
1033,0.43
1034,1.0
1035,0.46
1036,0.35
1037,0.2
1038,0.62
1039,0.33
1040,1.0
1041,0.67
1042,1.0
1043,1.0
1044,0.46
1045,1.0
1046,0.59
1047,1.0
1048,0.54
1049,1.0
1050,0.27
1051,1.0
1052,1.0
1053,0.47
1054,0.46
1055,0.53
1056,0.31
1057,0.43
1058,1.0
1059,1.0
1060,0.34
1061,0.38
1062,0.5
1063,0.42
1064,0.44
1065,0.6
1066,0.24
1067,0.46
1068,0.33
1069,0.4
1070,0.61
1071,0.74
1072,0.45
1073,1.0
1074,1.0
1075,0.42
1076,0.61
1077,0.5
1078,0.53
1079,0.26
1080,0.35
1081,0.49
1082,0.52
1083,1.0
1084,1.0
1085,0.38
1086,0.49
1087,0.41
1088,1.0
1089,0.54
1090,0.47
1091,0.44
1092,0.43
1093,0.43
1094,0.51
1095,1.0
1096,0.46
1097,0.46
1098,0.51
1099,0.47
1100,0.35
1101,1.0
1102,0.51
1103,0.3
1104,0.48
1105,0.48
1106,0.5
1107,0.55
1108,0.5
1109,0.43
1110,1.0
1111,0.46
1112,0.55
1113,0.39
1114,1.0
1115,0.36
1116,0.52
1117,0.41
1118,1.0
1119,0.33
1120,0.37
1121,0.29
1122,0.56
1123,1.0
1124,1.0
1125,0.29
1126,0.31
1127,0.54
1128,0.62
1129,0.46
1130,1.0
1131,0.61
1132,0.7
1133,0.42
1134,0.71
1135,0.45
1136,0.62
1137,0.72
1138,1.0
1139,0.47
1140,0.57
1141,0.49
1142,0.54
1143,0.53
1144,1.0
1145,0.26
1146,0.59
1147,1.0
1148,0.29
1149,0.52
1150,0.2
1151,0.43
1152,1.0
1153,0.34
1154,0.56
1155,0.49
1156,1.0
1157,0.37
1158,0.33
1159,0.46
1160,1.0
1161,1.0
1162,0.4
1163,0.45
1164,0.52
1165,0.58
1166,0.24
1167,0.48
1168,0.36
1169,0.44
1170,0.44
1171,1.0
1172,0.58
1173,0.47
1174,1.0
1175,0.46
1176,1.0
1177,0.5
1178,1.0
1179,0.55
1180,0.41
1181,0.58
1182,1.0
1183,1.0
1184,1.0
1185,0.42
1186,1.0
1187,0.56
1188,0.33
1189,0.37
1190,0.34
1191,0.52
1192,1.0
1193,0.67
1194,1.0
1195,0.48
1196,0.59
1197,1.0
1198,0.34
1199,0.47
1200,0.44
1201,0.47
1202,0.51
1203,0.41
1204,0.33
1205,0.38
1206,0.42
1207,0.27
1208,1.0
1209,0.21
1210,0.38
1211,1.0
1212,1.0
1213,0.21
1214,1.0
1215,1.0
1216,1.0
1217,1.0
1218,1.0
1219,0.52
1220,1.0
1221,0.48
1222,0.45
1223,0.28
1224,0.19
1225,0.27
1226,0.3
1227,1.0
1228,0.3
1229,0.43
1230,0.48
1231,0.48
1232,0.56
1233,0.4
1234,0.38
1235,0.37
1236,0.46
1237,1.0
1238,0.41
1239,0.5
1240,1.0
1241,0.48
1242,1.0
1243,0.58
1244,0.54
1245,0.58
1246,1.0
1247,1.0
1248,1.0
1249,0.37
1250,0.52
1251,1.0
1252,0.47
1253,0.34
1254,0.31
1255,0.33
1256,1.0
1257,1.0
1258,1.0
1259,1.0
1260,0.34
1261,0.26
1262,0.45
1263,1.0
1264,0.62
1265,0.46
1266,0.49
1267,1.0
1268,1.0
1269,1.0
1270,0.32
1271,1.0
1272,0.4
1273,1.0
1274,0.56
1275,1.0
1276,1.0
1277,0.52
1278,0.58
1279,0.47
1280,1.0
1281,0.49
1282,0.38
1283,0.62
1284,0.53
1285,0.6
1286,0.33
1287,0.59
1288,0.45
1289,1.0
1290,0.45
1291,0.51
1292,0.3
1293,0.42
1294,1.0
1295,0.22
1296,0.55
1297,0.6
1298,1.0
1299,0.26
1300,0.39
1301,0.2
1302,0.29
1303,0.33
1304,0.53
1305,0.51
1306,1.0
1307,0.47
1308,0.53
1309,1.0
1310,0.54
1311,0.47
1312,0.39
1313,0.41
1314,1.0
1315,0.42
1316,0.2
1317,0.37
1318,0.4
1319,0.45
1320,0.34
1321,0.5
1322,0.43
1323,0.48
1324,0.63
1325,0.43
1326,1.0
1327,0.38
1328,1.0
1329,1.0
1330,1.0
1331,0.41
1332,1.0
1333,0.45
1334,0.43
1335,0.55
1336,1.0
1337,1.0
1338,0.39
1339,1.0
1340,0.32
1341,1.0
1342,0.55
1343,0.32
1344,0.49
1345,0.46
1346,0.42
1347,0.4
1348,1.0
1349,0.44
1350,0.39
1351,0.58
1352,0.34
1353,1.0
1354,1.0
1355,0.35
1356,1.0
1357,0.55
1358,0.38
1359,0.49
1360,0.38
1361,0.44
1362,1.0
1363,1.0
1364,0.38
1365,1.0
1366,0.34
1367,1.0
1368,0.45
1369,1.0
1370,0.59
1371,0.43
1372,1.0
1373,1.0
1374,1.0
1375,0.43
1376,0.44
1377,0.22
1378,0.59
1379,0.4
1380,0.29
1381,0.27
1382,0.47
1383,0.6
1384,0.37
1385,0.47
1386,1.0
1387,1.0
1388,0.29
1389,0.32
1390,0.47
1391,0.44
1392,0.64
1393,0.41
1394,1.0
1395,0.34
1396,0.29
1397,0.47
1398,0.27
1399,0.5
1400,1.0
1401,0.46
1402,1.0
1403,0.35
1404,0.65
1405,0.47
1406,0.39
1407,1.0
1408,1.0
1409,0.66
1410,0.24
1411,0.54
1412,0.56
1413,0.48
1414,0.48
1415,0.46
1416,1.0
1417,1.0
1418,0.6
1419,1.0
1420,1.0
1421,1.0
1422,0.4
1423,1.0
1424,0.41
1425,0.44
1426,0.21
1427,0.58
1428,0.51
1429,1.0
1430,0.49
1431,1.0
1432,1.0
1433,0.49
1434,0.55
1435,0.46
1436,0.21
1437,0.39
1438,0.23
1439,0.35
1440,0.42
1441,0.45
1442,1.0
1443,0.46
1444,1.0
1445,0.36
1446,0.48
1447,1.0
1448,1.0
1449,0.35
1450,0.58
1451,0.44
1452,0.47
1453,1.0
1454,0.44
1455,0.43
1456,0.66
1457,0.4
1458,1.0
1459,0.43
1460,0.39
1461,0.43
1462,0.37
1463,0.42
1464,1.0
1465,0.3
1466,0.54
1467,1.0
1468,1.0
1469,0.34
1470,1.0
1471,0.44
1472,0.46
1473,1.0
1474,1.0
1475,0.55
1476,0.33
1477,0.6
1478,0.61
1479,0.55
1480,0.52
1481,0.62
1482,0.46
1483,0.5
1484,0.57
1485,0.48
1486,0.28
1487,0.44
1488,0.38
1489,0.53
1490,1.0
1491,0.36
1492,0.48
1493,0.67
1494,0.17
1495,0.51
1496,0.39
1497,0.42
1498,0.22
1499,0.39
1500,0.36
1501,1.0
1502,1.0
1503,0.62
1504,1.0
1505,0.2
1506,0.5
1507,0.43
1508,0.37
1509,0.38
1510,0.41
1511,0.43
1512,1.0
1513,1.0
1514,0.51
1515,0.59
1516,0.63
1517,1.0
1518,0.45
1519,1.0
1520,0.56
1521,0.4
1522,1.0
1523,0.48
1524,0.51
1525,0.45
1526,0.38
1527,0.57
1528,0.54
1529,0.46
1530,1.0
1531,0.53
1532,0.43
1533,0.36
1534,1.0
1535,0.4
1536,0.45
1537,0.52
1538,1.0
1539,0.27
1540,0.53
1541,0.49
1542,1.0
1543,0.47
1544,1.0
1545,0.44
1546,0.31
1547,1.0
1548,0.51
1549,0.59
1550,0.35
1551,0.44
1552,0.42
1553,0.54
1554,0.39
1555,0.34
1556,0.65
1557,0.26
1558,0.42
1559,1.0
1560,0.33
1561,1.0
1562,0.58
1563,0.68
1564,0.28
1565,0.44
1566,1.0
1567,1.0
1568,0.47
1569,0.4
1570,0.65
1571,0.44
1572,0.41
1573,1.0
1574,1.0
1575,0.36
1576,0.37
1577,0.46
1578,1.0
1579,0.56
1580,1.0
1581,0.41
1582,0.44
1583,0.42
1584,0.48
1585,0.38
1586,0.34
1587,0.35
1588,0.4
1589,0.41
1590,1.0
1591,0.46
1592,1.0
1593,0.5
1594,0.43
1595,0.31
1596,0.64
1597,0.46
1598,0.44
1599,1.0
1600,1.0
1601,0.64
1602,1.0
1603,0.32
1604,1.0
1605,0.62
1606,0.47
1607,1.0
1608,0.33
1609,1.0
1610,0.53
1611,1.0
1612,0.36
1613,0.45
1614,0.61
1615,1.0
1616,1.0
1617,0.44
1618,1.0
1619,0.31
1620,0.51
1621,0.44
1622,1.0
1623,0.57
1624,1.0
1625,1.0
1626,1.0
1627,0.5
1628,1.0
1629,1.0
1630,0.39
1631,0.37
1632,0.51
1633,0.54
1634,1.0
1635,0.47
1636,0.42
1637,0.6
1638,1.0
1639,0.56
1640,0.33
1641,1.0
1642,1.0
1643,0.56
1644,0.37
1645,0.27
1646,0.56
1647,0.38
1648,0.72
1649,1.0
1650,1.0
1651,1.0
1652,1.0
1653,0.45
1654,1.0
1655,1.0
1656,1.0
1657,0.26
1658,1.0
1659,0.36
1660,0.37
1661,1.0
1662,1.0
1663,1.0
1664,0.3
1665,0.47
1666,0.41
1667,0.49
1668,0.46
1669,1.0
1670,0.5
1671,0.28
1672,0.57
1673,0.52
1674,0.34
1675,1.0
1676,0.37
1677,0.6
1678,0.46
1679,0.3
1680,0.26
1681,1.0
1682,0.56
1683,0.6
1684,1.0
1685,1.0
1686,0.52
1687,0.53
1688,1.0
1689,1.0
1690,0.48
1691,0.41
1692,1.0
1693,0.34
1694,0.53
1695,0.49
1696,0.47
1697,0.52
1698,0.44
1699,0.42
1700,1.0
1701,0.55
1702,0.6
1703,1.0
1704,1.0
1705,0.38
1706,0.18
1707,0.4
1708,0.44
1709,0.64
1710,0.44
1711,1.0
1712,0.49
1713,1.0
1714,1.0
1715,0.45
1716,0.4
1717,1.0
1718,0.37
1719,1.0
1720,0.38
1721,0.38
1722,1.0
1723,0.32
1724,0.34
1725,0.37
1726,0.39
1727,1.0
1728,1.0
1729,0.3
1730,1.0
1731,1.0
1732,0.5
1733,0.37
1734,0.54
1735,0.41
1736,0.3
1737,0.55
1738,0.33
1739,0.52
1740,1.0
1741,0.48
1742,1.0
1743,0.3
1744,1.0
1745,0.49
1746,0.68
1747,0.4
1748,0.52
1749,0.42
1750,1.0
1751,0.46
1752,1.0
1753,0.53
1754,0.46
1755,1.0
1756,0.3
1757,1.0
1758,0.32
1759,0.43
1760,1.0
1761,0.47
1762,0.51
1763,0.39
1764,0.39
1765,0.64
1766,0.28
1767,1.0
1768,0.48
1769,1.0
1770,1.0
1771,1.0
1772,0.42
1773,0.54
1774,0.56
1775,0.38
1776,1.0
1777,1.0
1778,1.0
1779,0.52
1780,0.37
1781,0.52
1782,0.31
1783,0.37
1784,0.5
1785,0.45
1786,1.0
1787,0.31
1788,1.0
1789,1.0
1790,0.51
1791,0.39
1792,0.48
1793,1.0
1794,1.0
1795,0.61
1796,0.39
1797,0.46
1798,0.4
1799,0.4
1800,0.31
1801,1.0
1802,1.0
1803,1.0
1804,0.41
1805,0.35
1806,1.0
1807,0.68
1808,0.58
1809,0.59
1810,0.41
1811,1.0
1812,0.33
1813,1.0
1814,0.52
1815,1.0
1816,1.0
1817,0.58
1818,0.56
1819,0.4
1820,0.5
1821,0.51
1822,0.39
1823,1.0
1824,0.6
1825,1.0
1826,0.62
1827,0.39
1828,0.51
1829,0.41
1830,0.49
1831,0.36
1832,0.5
1833,0.48
1834,1.0
1835,0.47
1836,1.0
1837,0.43
1838,0.28
1839,1.0
1840,1.0
1841,0.51
1842,0.41
1843,0.35
1844,0.31
1845,1.0
1846,1.0
1847,0.42
1848,1.0
1849,0.26
1850,0.58
1851,0.51
1852,0.44
1853,1.0
1854,0.3
1855,0.47
1856,0.39
1857,0.28
1858,0.32
1859,1.0
1860,0.55
1861,1.0
1862,1.0
1863,0.42
1864,0.25
1865,0.41
1866,0.55
1867,0.36
1868,0.5
1869,1.0
1870,0.34
1871,0.37
1872,1.0
1873,0.48
1874,0.38
1875,0.43
1876,0.33
1877,0.3
1878,1.0
1879,1.0
1880,0.43
1881,0.47
1882,0.37
1883,0.47
1884,0.51
1885,0.43
1886,0.39
1887,0.51
1888,0.35
1889,1.0
1890,0.58
1891,1.0
1892,0.37
1893,1.0
1894,0.41
1895,0.33
1896,0.53
1897,0.5
1898,1.0
1899,0.44
1900,0.53
1901,0.41
1902,1.0
1903,0.34
1904,1.0
1905,1.0
1906,0.47
1907,0.37
1908,1.0
1909,0.47
1910,1.0
1911,1.0
1912,1.0
1913,1.0
1914,1.0
1915,0.35
1916,0.48
1917,1.0
1918,0.69
1919,0.57
1920,0.31
1921,1.0
1922,0.67
1923,0.51
1924,0.3
1925,0.28
1926,0.55
1927,0.39
1928,0.43
1929,1.0
1930,0.46
1931,0.5
1932,0.33
1933,0.21
1934,0.31
1935,1.0
1936,0.3
1937,1.0
1938,0.41
1939,0.5
1940,0.48
1941,1.0
1942,1.0
1943,1.0
1944,0.61
1945,0.43
1946,0.37
1947,1.0
1948,0.48
1949,0.39
1950,0.47
1951,0.63
1952,0.38
1953,0.33
1954,0.43
1955,0.33
1956,0.55
1957,0.31
1958,0.37
1959,0.5
1960,1.0
1961,1.0
1962,0.4
1963,1.0
1964,0.44
1965,0.5
1966,0.63
1967,0.34
1968,0.48
1969,0.46
1970,1.0
1971,0.37
1972,1.0
1973,0.44
1974,1.0
1975,0.48
1976,0.38
1977,1.0
1978,1.0
1979,0.53
1980,0.48
1981,1.0
1982,0.47
1983,1.0
1984,0.52
1985,0.7
1986,1.0
1987,0.54
1988,0.48
1989,1.0
1990,0.41
1991,1.0
1992,0.41
1993,0.43
1994,0.46
1995,0.55
1996,1.0
1997,0.62
1998,0.28
1999,0.58
2000,1.0
2001,0.47
2002,0.47
2003,0.39
2004,0.54
2005,1.0
2006,0.38
2007,0.53
2008,0.53
2009,0.33
2010,0.33
2011,1.0
2012,0.49
2013,1.0
2014,0.26
2015,0.49
2016,0.64
2017,0.33
2018,0.24
2019,0.36
2020,0.44
2021,1.0
2022,0.39
2023,0.32
2024,1.0
2025,1.0
2026,0.39
2027,0.63
2028,0.36
2029,1.0
2030,1.0
2031,0.33
2032,0.37
2033,0.26
2034,0.37
2035,0.54
2036,0.57
2037,0.57
2038,1.0
2039,0.32
2040,1.0
2041,0.33
2042,0.3
2043,0.51
2044,1.0
2045,0.51
2046,1.0
2047,0.52
2048,1.0
2049,0.36
2050,0.32
2051,1.0
2052,0.3
2053,0.48
2054,1.0
2055,0.43
2056,0.22
2057,0.47
2058,0.35
2059,0.57
2060,1.0
2061,0.54
2062,1.0
2063,0.4
2064,1.0
2065,1.0
2066,0.44
2067,1.0
2068,1.0
2069,1.0
2070,0.48
2071,0.31
2072,0.35
2073,0.61
2074,1.0
2075,1.0
2076,1.0
2077,0.71
2078,1.0
2079,0.35
2080,1.0
2081,1.0
2082,0.39
2083,0.61
2084,0.45
2085,0.52
2086,0.56
2087,0.19
2088,0.4
2089,0.4
2090,0.46
2091,0.52
2092,0.46
2093,0.43
2094,0.45
2095,1.0
2096,1.0
2097,0.46
2098,1.0
2099,1.0
2100,0.44
2101,1.0
2102,1.0
2103,1.0
2104,1.0
2105,0.35
2106,0.42
2107,0.58
2108,1.0
2109,0.74
2110,0.4
2111,0.49
2112,0.49
2113,0.56
2114,0.4
2115,1.0
2116,0.42
2117,1.0
2118,1.0
2119,0.57
2120,0.33
2121,0.36
2122,0.42
2123,1.0
2124,0.5
2125,0.42
2126,0.57
2127,0.45
2128,0.43
2129,0.43
2130,1.0
2131,1.0
2132,0.29
2133,0.6
2134,1.0
2135,1.0
2136,0.62
2137,0.47
2138,0.49
2139,1.0
2140,0.32
2141,0.34
2142,0.23
2143,1.0
2144,1.0
2145,0.49
2146,0.4
2147,0.41
2148,0.35
2149,0.48
2150,1.0
2151,0.29
2152,0.47
2153,0.47
2154,0.29
2155,0.35
2156,0.41
2157,1.0
2158,0.63
2159,0.42
2160,0.48
2161,0.31
2162,1.0
2163,0.35
2164,1.0
2165,0.39
2166,0.4
2167,0.35
2168,0.32
2169,0.5
2170,0.32
2171,1.0
2172,0.26
2173,0.61
2174,1.0
2175,1.0
2176,0.62
2177,0.36
2178,1.0
2179,1.0
2180,1.0
2181,0.4
2182,1.0
2183,0.31
2184,0.31
2185,0.4
2186,0.54
2187,0.3
2188,0.29
2189,1.0
2190,0.35
2191,0.36
2192,1.0
2193,0.49
2194,0.59
2195,1.0
2196,0.53
2197,0.4
2198,0.57
2199,0.46
2200,0.43
2201,0.36
2202,0.45
2203,0.41
2204,0.44
2205,0.56
2206,1.0
2207,0.49
2208,1.0
2209,1.0
2210,0.28
2211,0.47
2212,0.43
2213,0.29
2214,0.69
2215,1.0
2216,0.37
2217,0.59
2218,0.37
2219,0.45
2220,0.6
2221,0.44
2222,1.0
2223,0.31
2224,0.43
2225,0.26
2226,1.0
2227,1.0
2228,0.35
2229,0.33
2230,0.43
2231,0.37
2232,1.0
2233,0.68
2234,0.55
2235,0.4
2236,0.55
2237,1.0
2238,1.0
2239,0.33
2240,0.47
2241,1.0
2242,1.0
2243,0.53
2244,0.6
2245,1.0
2246,0.36
2247,1.0
2248,0.57
2249,0.53
2250,0.47
2251,0.29
2252,0.68
2253,0.41
2254,0.3
2255,0.41
2256,0.33
2257,0.56
2258,1.0
2259,0.45
2260,0.42
2261,0.99
2262,0.37
2263,0.49
2264,1.0
2265,1.0
2266,0.71
2267,0.64
2268,0.29
2269,0.46
2270,1.0
2271,0.44
2272,0.42
2273,0.45
2274,0.36
2275,0.33
2276,0.41
2277,0.26
2278,0.35
2279,1.0
2280,1.0
2281,1.0
2282,0.66
2283,0.54
2284,0.48
2285,0.32
2286,0.41
2287,0.6
2288,1.0
2289,0.26
2290,1.0
2291,0.45
2292,0.54
2293,1.0
2294,0.41
2295,1.0
2296,0.41
2297,0.39
2298,0.46
2299,0.63
2300,0.66
2301,0.36
2302,0.29
2303,0.41
2304,0.34
2305,0.36
2306,0.51
2307,1.0
2308,0.66
2309,0.58
2310,0.34
2311,1.0
2312,1.0
2313,0.35
2314,0.64
2315,0.58
2316,1.0
2317,0.29
2318,0.65
2319,0.41
2320,1.0
2321,0.62
2322,0.49
2323,1.0
2324,0.25
2325,0.44
2326,1.0
2327,0.49
2328,1.0
2329,0.31
2330,1.0
2331,0.52
2332,1.0
2333,0.41
2334,1.0
2335,0.5
2336,0.47
2337,0.39
2338,0.41
2339,0.49
2340,0.59
2341,0.34
2342,0.36
2343,0.45
2344,0.39
2345,1.0
2346,0.6
2347,0.46
2348,0.34
2349,0.44
2350,0.65
2351,0.36
2352,0.38
2353,0.39
2354,0.33
2355,0.27
2356,1.0
2357,0.42
2358,1.0
2359,0.35
2360,1.0
2361,0.39
2362,0.49
2363,0.43
2364,0.36
2365,1.0
2366,1.0
2367,0.19
2368,0.38
2369,1.0
2370,0.43
2371,1.0
2372,0.27
2373,0.55
2374,0.37
2375,1.0
2376,1.0
2377,1.0
2378,0.52
2379,1.0
2380,1.0
2381,0.44
2382,0.52
2383,0.4
2384,0.48
2385,0.53
2386,0.25
2387,0.58
2388,1.0
2389,0.36
2390,0.47
2391,0.47
2392,0.49
2393,0.57
2394,1.0
2395,0.45
2396,0.42
2397,0.61
2398,0.5
2399,1.0
2400,1.0
2401,0.57
2402,0.42
2403,0.44
2404,1.0
2405,1.0
2406,0.34
2407,0.47
2408,0.67
2409,0.3
2410,0.41
2411,0.45
2412,0.27
2413,0.58
2414,0.46
2415,1.0
2416,0.44
2417,0.28
2418,0.42
2419,0.31
2420,1.0
2421,0.3
2422,0.32
2423,0.69
2424,0.31
2425,0.37
2426,0.36
2427,1.0
2428,0.59
2429,1.0
2430,0.31
2431,0.42
2432,0.4
2433,0.49
2434,1.0
2435,0.68
2436,0.4
2437,0.45
2438,0.35
2439,1.0
2440,0.31
2441,1.0
2442,0.33
2443,0.34
2444,0.7
2445,0.38
2446,0.55
2447,0.41
2448,1.0
2449,1.0
2450,0.49
2451,1.0
2452,1.0
2453,1.0
2454,0.37
2455,0.31
2456,0.39
2457,1.0
2458,0.19
2459,1.0
2460,0.49
2461,1.0
2462,0.27
2463,1.0
2464,0.38
2465,0.53
2466,0.5
2467,0.3
2468,1.0
2469,0.5
2470,0.28
2471,0.46
2472,1.0
2473,0.57
2474,1.0
2475,0.36
2476,0.54
2477,1.0
2478,0.39
2479,0.73
2480,0.31
2481,1.0
2482,0.5
2483,0.31
2484,0.51
2485,0.37
2486,0.56
2487,0.45
2488,0.42
2489,1.0
2490,0.47
2491,0.53
2492,0.45
2493,0.4
2494,0.5
2495,0.55
2496,0.49
2497,0.4
2498,0.51
2499,0.35
2500,0.42
2501,0.52
2502,0.57
2503,0.52
2504,0.38
2505,0.44
2506,1.0
2507,0.46
2508,0.51
2509,0.53
2510,1.0
2511,0.56
2512,0.55
2513,0.65
2514,1.0
2515,0.44
2516,0.45
2517,0.38
2518,0.52
2519,0.47
2520,0.65
2521,0.21
2522,0.57
2523,0.45
2524,0.11
2525,0.29
2526,1.0
2527,0.56
2528,1.0
2529,0.4
2530,0.46
2531,1.0
2532,1.0
2533,1.0
2534,0.5
2535,0.48
2536,0.33
2537,0.36
2538,0.42
2539,1.0
2540,0.49
2541,1.0
2542,0.36
2543,1.0
2544,1.0
2545,0.32
2546,0.57
2547,0.57
2548,0.39
2549,0.5
2550,0.44
2551,0.5
2552,1.0
2553,0.58
2554,0.73
2555,0.43
2556,0.6
2557,0.52
2558,0.5
2559,0.6
2560,0.48
2561,0.57
2562,0.66
2563,0.42
2564,1.0
2565,0.36
2566,1.0
2567,0.56
2568,1.0
2569,0.32
2570,1.0
2571,0.45
2572,0.46
2573,1.0
2574,0.47
2575,0.36
2576,0.38
2577,0.5
2578,0.38
2579,0.5
2580,0.34
2581,0.65
2582,0.36
2583,0.75
2584,1.0
2585,1.0
2586,0.38
2587,0.57
2588,0.41
2589,0.4
2590,0.4
2591,0.42
2592,1.0
2593,1.0
2594,0.3
2595,0.39
2596,1.0
2597,1.0
2598,0.3
2599,1.0
2600,1.0
2601,0.53
2602,0.32
2603,1.0
2604,0.42
2605,0.49
2606,0.49
2607,1.0
2608,0.59
2609,0.4
2610,0.22
2611,1.0
2612,0.44
2613,1.0
2614,1.0
2615,1.0
2616,0.52
2617,1.0
2618,0.45
2619,0.32
2620,0.27
2621,0.22
2622,0.61
2623,0.22
2624,0.43
2625,0.6
2626,1.0
2627,0.46
2628,0.4
2629,0.59
2630,0.33
2631,0.62
2632,0.5
2633,1.0
2634,1.0
2635,1.0
2636,1.0
2637,0.33
2638,1.0
2639,0.45
2640,0.39
2641,0.44
2642,0.44
2643,1.0
2644,1.0
2645,0.51
2646,0.28
2647,0.5
2648,0.64
2649,1.0
2650,0.43
2651,1.0
2652,1.0
2653,0.33
2654,1.0
2655,0.34
2656,0.3
2657,1.0
2658,0.37
2659,1.0
2660,0.5
2661,0.55
2662,0.53
2663,0.51
2664,0.46
2665,0.43
2666,0.31
2667,1.0
2668,0.35
2669,1.0
2670,0.59
2671,0.48
2672,0.34
2673,0.76
2674,1.0
2675,0.3
2676,0.57
2677,0.26
2678,0.4
2679,0.7
2680,0.54
2681,1.0
2682,0.37
2683,0.4
2684,0.58
2685,0.46
2686,0.46
2687,0.38
2688,1.0
2689,0.49
2690,0.4
2691,0.49
2692,0.37
2693,0.54
2694,0.4
2695,0.38
2696,1.0
2697,0.53
2698,0.3
2699,0.35
2700,0.36
2701,1.0
2702,0.43
2703,0.48
2704,1.0
2705,0.48
2706,0.36
2707,1.0
2708,0.55
2709,0.42
2710,1.0
2711,1.0
2712,0.63
2713,0.49
2714,0.37
2715,0.44
2716,0.43
2717,0.52
2718,0.47
2719,0.3
2720,0.44
2721,0.32
2722,1.0
2723,0.48
2724,0.31
2725,0.45
2726,0.35
2727,0.36
2728,0.38
2729,0.39
2730,0.48
2731,0.4
2732,0.44
2733,0.33
2734,1.0
2735,0.45
2736,0.38
2737,1.0
2738,0.55
2739,1.0
2740,0.29
2741,1.0
2742,0.5
2743,0.55
2744,0.42
2745,1.0
2746,1.0
2747,1.0
2748,0.43
2749,0.34
2750,0.43
2751,0.47
2752,0.44
2753,0.57
2754,0.26
2755,0.46
2756,1.0
2757,0.57
2758,0.62
2759,1.0
2760,1.0
2761,0.33
2762,0.43
2763,0.35
2764,0.37
2765,0.38
2766,0.36
2767,0.32
2768,0.46
2769,1.0
2770,0.6
2771,0.4
2772,1.0
2773,0.32
2774,0.4
2775,0.29
2776,0.44
2777,0.43
2778,1.0
2779,1.0
2780,0.34
2781,0.42
2782,0.43
2783,0.55
2784,0.56
2785,0.34
2786,1.0
2787,0.41
2788,1.0
2789,0.35
2790,1.0
2791,0.38
2792,1.0
2793,0.41
2794,1.0
2795,0.29
2796,0.43
2797,0.26
2798,0.34
2799,0.49
2800,0.36
2801,0.35
2802,1.0
2803,0.53
2804,0.48
2805,0.44
2806,0.51
2807,0.33
2808,1.0
2809,1.0
2810,0.52
2811,1.0
2812,0.31
2813,0.52
2814,1.0
2815,0.4
2816,0.38
2817,1.0
2818,0.48
2819,0.28
2820,0.36
2821,0.61
2822,1.0
2823,0.38
2824,0.62
2825,1.0
2826,0.6
2827,0.49
2828,0.63
2829,0.46
2830,0.41
2831,1.0
2832,0.63
2833,0.36
2834,0.44
2835,0.55
2836,0.48
2837,0.37
2838,0.46
2839,0.39
2840,0.47
2841,1.0
2842,0.26
2843,0.48
2844,1.0
2845,0.56
2846,0.26
2847,1.0
2848,0.5
2849,1.0
2850,0.58
2851,1.0
2852,0.51
2853,0.53
2854,0.41
2855,1.0
2856,0.58
2857,0.36
2858,1.0
2859,0.3
2860,0.43
2861,0.36
2862,1.0
2863,1.0
2864,0.36
2865,1.0
2866,0.33
2867,1.0
2868,0.44
2869,0.34
2870,0.38
2871,1.0
2872,1.0
2873,1.0
2874,0.32
2875,0.6
2876,0.48
2877,1.0
2878,1.0
2879,1.0
2880,0.52
2881,0.55
2882,1.0
2883,0.38
2884,1.0
2885,1.0
2886,0.58
2887,0.49
2888,1.0
2889,0.29
2890,1.0
2891,1.0
2892,0.58
2893,0.44
2894,1.0
2895,0.63
2896,0.63
2897,1.0
2898,1.0
2899,0.51
2900,0.53
2901,0.52
2902,1.0
2903,0.3
2904,1.0
2905,1.0
2906,0.44
2907,1.0
2908,0.49
2909,0.27
2910,0.51
2911,1.0
2912,0.56
2913,0.58
2914,0.31
2915,0.38
2916,0.29
2917,0.58
2918,1.0
2919,0.48
2920,0.51
2921,1.0
2922,0.5
2923,0.38
2924,1.0
2925,0.27
2926,1.0
2927,0.64
2928,0.18
2929,1.0
2930,0.38
2931,1.0
2932,1.0
2933,0.52
2934,1.0
2935,0.6
2936,1.0
2937,0.45
2938,0.54
2939,1.0
2940,0.33
2941,0.34
2942,0.36
2943,0.52
2944,1.0
2945,0.52
2946,0.41
2947,1.0
2948,0.44
2949,0.36
2950,0.37
2951,0.34
2952,0.33
2953,0.49
2954,0.42
2955,1.0
2956,1.0
2957,0.51
2958,0.45
2959,1.0
2960,0.44
2961,0.51
2962,0.51
2963,0.4
2964,0.39
2965,0.4
2966,0.45
2967,0.47
2968,1.0
2969,1.0
2970,0.44
2971,1.0
2972,0.34
2973,1.0
2974,0.42
2975,1.0
2976,0.5
2977,1.0
2978,0.43
2979,0.45
2980,1.0
2981,0.54
2982,1.0
2983,0.67
2984,0.49
2985,0.23
2986,0.23
2987,0.45
2988,0.39
2989,0.42
2990,0.48
2991,0.48
2992,1.0
2993,1.0
2994,0.45
2995,0.37
2996,1.0
2997,1.0
2998,1.0
2999,0.61
3000,0.54
3001,1.0
3002,0.47
3003,0.34
3004,0.38
3005,0.33
3006,0.32
3007,1.0
3008,0.45
3009,0.4
3010,0.39
3011,0.27
3012,1.0
3013,0.37
3014,0.42
3015,0.47
3016,0.59
3017,0.32
3018,0.43
3019,1.0
3020,1.0
3021,0.34
3022,0.53
3023,1.0
3024,0.53
3025,0.32
3026,0.61
3027,0.48
3028,1.0
3029,0.62
3030,1.0
3031,1.0
3032,0.4
3033,0.39
3034,1.0
3035,0.52
3036,1.0
3037,0.42
3038,0.51
3039,0.28
3040,0.32
3041,0.54
3042,0.45
3043,0.38
3044,0.32
3045,0.58
3046,0.39
3047,0.48
3048,0.58
3049,0.37
3050,0.36
3051,0.47
3052,0.5
3053,1.0
3054,1.0
3055,0.43
3056,0.4
3057,1.0
3058,0.36
3059,0.45
3060,0.51
3061,0.33
3062,0.48
3063,0.63
3064,0.42
3065,0.4
3066,1.0
3067,0.44
3068,0.39
3069,1.0
3070,0.31
3071,0.37
3072,0.41
3073,0.5
3074,0.45
3075,1.0
3076,0.37
3077,0.25
3078,1.0
3079,0.2
3080,1.0
3081,0.4
3082,0.51
3083,0.43
3084,0.51
3085,0.43
3086,0.25
3087,1.0
3088,1.0
3089,0.39
3090,0.77
3091,0.42
3092,0.55
3093,0.16
3094,0.35
3095,1.0
3096,0.43
3097,0.29
3098,0.52
3099,1.0
3100,0.48
3101,1.0
3102,0.37
3103,0.45
3104,0.6
3105,1.0
3106,1.0
3107,0.49
3108,0.58
3109,0.51
3110,0.68
3111,0.35
3112,0.21
3113,1.0
3114,0.3
3115,0.42
3116,0.27
3117,1.0
3118,0.47
3119,0.52
3120,0.31
3121,0.52
3122,0.5
3123,0.42
3124,0.45
3125,0.54
3126,0.4
3127,0.3
3128,0.54
3129,0.47
3130,0.45
3131,0.15
3132,0.45
3133,0.49
3134,1.0
3135,1.0
3136,0.49
3137,0.45
3138,0.37
3139,0.36
3140,1.0
3141,0.37
3142,0.42
3143,0.5
3144,0.36
3145,1.0
3146,1.0
3147,0.5
3148,1.0
3149,0.33
3150,0.32
3151,0.43
3152,0.45
3153,1.0
3154,1.0
3155,1.0
3156,0.44
3157,0.39
3158,1.0
3159,0.48
3160,1.0
3161,0.56
3162,0.4
3163,0.4
3164,1.0
3165,0.33
3166,1.0
3167,0.34
3168,0.4
3169,0.53
3170,0.47
3171,0.29
3172,0.45
3173,1.0
3174,0.5
3175,0.29
3176,0.52
3177,1.0
3178,1.0
3179,0.26
3180,1.0
3181,0.53
3182,1.0
3183,0.48
3184,1.0
3185,0.31
3186,1.0
3187,1.0
3188,0.42
3189,0.34
3190,0.39
3191,0.48
3192,0.58
3193,0.44
3194,1.0
3195,0.53
3196,0.36
3197,0.29
3198,1.0
3199,0.49
3200,0.36
3201,0.52
3202,0.54
3203,0.68
3204,0.39
3205,0.37
3206,0.52
3207,0.44
3208,1.0
3209,0.46
3210,0.31
3211,0.5
3212,0.61
3213,0.42
3214,0.52
3215,0.45
3216,1.0
3217,1.0
3218,1.0
3219,0.48
3220,1.0
3221,1.0
3222,1.0
3223,1.0
3224,0.53
3225,0.44
3226,0.38
3227,0.36
3228,0.39
3229,0.42
3230,0.53
3231,1.0
3232,0.34
3233,0.54
3234,0.41
3235,0.64
3236,0.36
3237,0.26
3238,0.44
3239,1.0
3240,1.0
3241,0.38
3242,0.41
3243,1.0
3244,0.34
3245,1.0
3246,0.55
3247,0.3
3248,0.36
3249,1.0
3250,0.43
3251,1.0
3252,0.46
3253,0.48
3254,0.48
3255,0.72
3256,0.41
3257,0.29
3258,0.43
3259,0.34
3260,0.41
3261,0.53
3262,0.46
3263,1.0
3264,0.44
3265,0.34
3266,0.31
3267,1.0
3268,0.37
3269,0.4
3270,1.0
3271,0.42
3272,0.65
3273,1.0
3274,1.0
3275,0.58
3276,0.4
3277,0.33
3278,0.4
3279,0.3
3280,0.32
3281,0.37
3282,0.5
3283,1.0
3284,0.28
3285,0.51
3286,1.0
3287,0.34
3288,0.32
3289,1.0
3290,0.44
3291,0.34
3292,0.44
3293,0.57
3294,0.52
3295,0.41
3296,1.0
3297,1.0
3298,1.0
3299,1.0
3300,0.41
3301,1.0
3302,0.44
3303,0.47
3304,0.47
3305,1.0
3306,0.4
3307,0.4
3308,1.0
3309,0.26
3310,0.54
3311,0.49
3312,0.45
3313,0.59
3314,0.55
3315,0.33
3316,0.45
3317,0.36
3318,1.0
3319,0.61
3320,0.4
3321,0.35
3322,0.47
3323,0.57
3324,0.61
3325,0.52
3326,0.43
3327,0.54
3328,0.51
3329,0.37
3330,1.0
3331,1.0
3332,1.0
3333,0.41
3334,1.0
3335,0.49
3336,1.0
3337,1.0
3338,0.43
3339,0.54
3340,0.38
3341,0.3
3342,1.0
3343,0.47
3344,0.62
3345,1.0
3346,0.44
3347,0.44
3348,0.49
3349,0.45
3350,1.0
3351,0.42
3352,1.0
3353,1.0
3354,1.0
3355,0.48
3356,1.0
3357,0.51
3358,0.53
3359,1.0
3360,0.41
3361,0.54
3362,1.0
3363,0.47
3364,0.31
3365,0.42
3366,1.0
3367,0.54
3368,0.28
3369,0.48
3370,0.15
3371,0.25
3372,0.4
3373,1.0
3374,1.0
3375,0.25
3376,0.51
3377,0.29
3378,1.0
3379,0.54
3380,1.0
3381,0.31
3382,1.0
3383,0.43
3384,0.41
3385,0.43
3386,0.43
3387,0.47
3388,1.0
3389,0.29
3390,0.38
3391,0.45
3392,0.34
3393,0.56
3394,0.27
3395,0.24
3396,1.0
3397,0.49
3398,1.0
3399,0.47
3400,0.32
3401,0.54
3402,1.0
3403,1.0
3404,0.33
3405,1.0
3406,0.29
3407,0.41
3408,0.42
3409,0.35
3410,0.58
3411,0.53
3412,0.49
3413,1.0
3414,1.0
3415,0.49
3416,0.36
3417,1.0
3418,0.47
3419,0.53
3420,0.46
3421,1.0
3422,0.3
3423,0.47
3424,0.53
3425,0.53
3426,0.37
3427,0.47
3428,0.42
3429,0.65
3430,0.48
3431,0.37
3432,0.56
3433,0.47
3434,1.0
3435,0.35
3436,0.52
3437,1.0
3438,1.0
3439,0.46
3440,1.0
3441,0.46
3442,0.51
3443,1.0
3444,0.46
3445,0.37
3446,0.46
3447,1.0
3448,0.38
3449,0.45
3450,0.42
3451,0.45
3452,0.39
3453,0.5
3454,0.37
3455,0.52
3456,1.0
3457,0.46
3458,0.3
3459,0.49
3460,0.28
3461,0.3
3462,0.28
3463,0.43
3464,1.0
3465,0.38
3466,1.0
3467,0.51
3468,0.56
3469,1.0
3470,1.0
3471,0.65
3472,0.47
3473,1.0
3474,0.53
3475,0.52
3476,0.4
3477,1.0
3478,0.53
3479,0.61
3480,1.0
3481,0.35
3482,0.56
3483,0.64
3484,0.44
3485,0.3
3486,0.34
3487,0.29
3488,0.68
3489,0.67
3490,0.65
3491,0.49
3492,1.0
3493,0.4
3494,0.39
3495,0.44
3496,0.49
3497,1.0
3498,0.38
3499,0.39
3500,0.46
3501,0.43
3502,0.44
3503,1.0
3504,0.41
3505,0.6
3506,0.45
3507,1.0
3508,0.41
3509,1.0
3510,0.37
3511,1.0
3512,0.54
3513,0.42
3514,0.5
3515,0.22
3516,0.29
3517,0.5
3518,0.5
3519,0.5
3520,0.3
3521,0.36
3522,0.64
3523,0.36
3524,0.48
3525,0.57
3526,0.38
3527,0.49
3528,0.54
3529,0.5
3530,1.0
3531,0.66
3532,0.6
3533,0.4
3534,0.83
3535,1.0
3536,1.0
3537,0.31
3538,0.44
3539,0.54
3540,0.49
3541,1.0
3542,1.0
3543,0.63
3544,0.68
3545,0.49
3546,0.56
3547,0.38
3548,0.34
3549,0.45
3550,1.0
3551,0.37
3552,0.28
3553,0.44
3554,0.36
3555,1.0
3556,0.47
3557,0.32
3558,1.0
3559,0.28
3560,1.0
3561,1.0
3562,0.38
3563,0.62
3564,0.5
3565,0.54
3566,0.48
3567,1.0
3568,0.31
3569,1.0
3570,0.42
3571,0.56
3572,0.42
3573,0.5
3574,0.29
3575,0.54
3576,0.44
3577,0.55
3578,0.48
3579,0.39
3580,0.27
3581,0.43
3582,1.0
3583,1.0
3584,0.36
3585,1.0
3586,1.0
3587,1.0
3588,0.57
3589,1.0
3590,1.0
3591,0.53
3592,0.35
3593,1.0
3594,0.27
3595,1.0
3596,0.37
3597,0.56
3598,1.0
3599,1.0
3600,1.0
3601,0.56
3602,0.4
3603,0.43
3604,0.41
3605,0.42
3606,1.0
3607,1.0
3608,0.3
3609,0.37
3610,0.35
3611,0.47
3612,0.4
3613,1.0
3614,0.24
3615,0.38
3616,0.61
3617,0.32
3618,1.0
3619,0.53
3620,0.47
3621,0.54
3622,0.42
3623,1.0
3624,0.36
3625,1.0
3626,0.44
3627,1.0
3628,1.0
3629,0.37
3630,1.0
3631,1.0
3632,1.0
3633,0.64
3634,1.0
3635,0.62
3636,0.26
3637,0.33
3638,1.0
3639,1.0
3640,0.36
3641,0.39
3642,1.0
3643,0.61
3644,0.55
3645,0.41
3646,0.36
3647,0.43
3648,0.37
3649,0.55
3650,1.0
3651,0.54
3652,0.22
3653,1.0
3654,0.46
3655,0.29
3656,1.0
3657,1.0
3658,1.0
3659,1.0
3660,0.35
3661,1.0
3662,0.24
3663,0.47
3664,0.43
3665,0.48
3666,0.5
3667,0.5
3668,1.0
3669,0.35
3670,0.56
3671,1.0
3672,1.0
3673,0.31
3674,0.61
3675,0.31
3676,0.25
3677,0.39
3678,0.41
3679,0.27
3680,1.0
3681,0.52
3682,0.23
3683,1.0
3684,1.0
3685,0.36
3686,0.56
3687,1.0
3688,0.57
3689,0.44
3690,0.57
3691,0.41
3692,0.47
3693,0.38
3694,0.47
3695,0.69
3696,0.48
3697,0.34
3698,0.41
3699,0.49
3700,1.0
3701,1.0
3702,0.27
3703,0.6
3704,0.38
3705,1.0
3706,0.51
3707,0.52
3708,0.33
3709,1.0
3710,0.51
3711,0.38
3712,1.0
3713,1.0
3714,0.39
3715,0.42
3716,0.46
3717,0.52
3718,0.46
3719,0.5
3720,0.4
3721,1.0
3722,1.0
3723,0.53
3724,0.34
3725,1.0
3726,1.0
3727,1.0
3728,1.0
3729,0.45
3730,0.4
3731,0.57
3732,0.4
3733,0.71
3734,1.0
3735,0.4
3736,0.38
3737,0.55
3738,0.41
3739,0.71
3740,0.42
3741,0.5
3742,0.59
3743,0.54
3744,1.0
3745,0.3
3746,0.42
3747,1.0
3748,0.31
3749,1.0
3750,0.44
3751,0.33
3752,1.0
3753,1.0
3754,1.0
3755,0.5
3756,0.36
3757,0.37
3758,0.43
3759,0.39
3760,0.34
3761,0.4
3762,0.51
3763,0.4
3764,1.0
3765,0.15
3766,0.73
3767,0.41
3768,0.34
3769,0.62
3770,0.52
3771,0.53
3772,1.0
3773,0.41
3774,0.42
3775,0.43
3776,0.55
3777,0.49
3778,0.56
3779,0.42
3780,1.0
3781,1.0
3782,0.5
3783,0.28
3784,0.54
3785,0.48
3786,0.24
3787,0.6
3788,0.38
3789,0.47
3790,0.59
3791,0.33
3792,1.0
3793,0.31
3794,1.0
3795,0.22
3796,0.67
3797,0.39
3798,0.54
3799,0.46
3800,0.54
3801,0.47
3802,0.52
3803,0.53
3804,0.5
3805,0.42
3806,0.35
3807,1.0
3808,1.0
3809,0.42
3810,1.0
3811,0.51
3812,1.0
3813,1.0
3814,1.0
3815,1.0
3816,1.0
3817,1.0
3818,0.56
3819,0.4
3820,0.34
3821,0.44
3822,0.31
3823,0.41
3824,0.4
3825,0.46
3826,0.41
3827,0.38
3828,0.45
3829,0.31
3830,0.5
3831,0.54
3832,0.41
3833,1.0
3834,0.36
3835,0.33
3836,0.45
3837,1.0
3838,0.35
3839,0.37
3840,0.26
3841,0.55
3842,0.44
3843,1.0
3844,0.4
3845,0.53
3846,1.0
3847,0.32
3848,0.45
3849,0.25
3850,0.39
3851,1.0
3852,0.53
3853,0.34
3854,0.39
3855,1.0
3856,1.0
3857,0.5
3858,0.37
3859,0.46
3860,0.45
3861,0.3
3862,0.57
3863,0.44
3864,0.63
3865,1.0
3866,1.0
3867,0.42
3868,1.0
3869,0.48
3870,0.54
3871,0.34
3872,0.27
3873,1.0
3874,0.63
3875,1.0
3876,0.49
3877,1.0
3878,0.57
3879,0.65
3880,0.39
3881,1.0
3882,0.34
3883,0.38
3884,1.0
3885,0.66
3886,0.45
3887,0.43
3888,0.19
3889,1.0
3890,0.39
3891,1.0
3892,0.52
3893,0.37
3894,1.0
3895,0.51
3896,0.45
3897,0.57
3898,0.43
3899,1.0
3900,0.42
3901,1.0
3902,0.42
3903,1.0
3904,1.0
3905,1.0
3906,1.0
3907,1.0
3908,0.37
3909,0.5
3910,0.46
3911,0.31
3912,0.51
3913,0.39
3914,0.35
3915,0.52
3916,1.0
3917,0.41
3918,0.56
3919,1.0
3920,1.0
3921,1.0
3922,1.0
3923,0.61
3924,0.26
3925,0.32
3926,0.46
3927,0.55
3928,0.58
3929,1.0
3930,0.38
3931,1.0
3932,1.0
3933,0.44
3934,0.3
3935,0.3
3936,0.51
3937,0.53
3938,0.34
3939,1.0
3940,0.18
3941,0.32
3942,0.45
3943,0.49
3944,0.3
3945,0.46
3946,0.54
3947,0.38
3948,0.44
3949,1.0
3950,0.66
3951,1.0
3952,0.36
3953,1.0
3954,1.0
3955,1.0
3956,0.41
3957,0.53
3958,0.32
3959,0.48
3960,0.2
3961,0.27
3962,0.38
3963,0.43
3964,0.49
3965,1.0
3966,0.4
3967,1.0
3968,0.39
3969,0.31
3970,0.42
3971,0.31
3972,0.44
3973,0.33
3974,0.42
3975,1.0
3976,0.4
3977,1.0
3978,1.0
3979,0.57
3980,1.0
3981,0.25
3982,1.0
3983,1.0
3984,0.64
3985,1.0
3986,1.0
3987,0.62
3988,0.36
3989,1.0
3990,0.45
3991,1.0
3992,0.38
3993,1.0
3994,0.34
3995,0.4
3996,0.49
3997,0.42
3998,1.0
3999,1.0
4000,0.43
4001,0.55
4002,0.2
4003,1.0
4004,1.0
4005,1.0
4006,1.0
4007,0.35
4008,1.0
4009,0.32
4010,1.0
4011,1.0
4012,0.42
4013,0.34
4014,0.52
4015,0.4
4016,1.0
4017,0.62
4018,0.41
4019,0.54
4020,1.0
4021,1.0
4022,0.31
4023,0.38
4024,1.0
4025,0.6
4026,0.38
4027,0.48
4028,0.44
4029,0.36
4030,0.57
4031,0.38
4032,0.31
4033,0.7
4034,0.51
4035,0.48
4036,0.38
4037,0.5
4038,0.59
4039,0.56
4040,1.0
4041,0.6
4042,1.0
4043,0.46
4044,1.0
4045,0.55
4046,0.36
4047,1.0
4048,0.42
4049,0.52
4050,0.34
4051,1.0
4052,0.33
4053,0.54
4054,0.55
4055,0.32
4056,0.5
4057,0.49
4058,0.35
4059,0.32
4060,0.36
4061,1.0
4062,0.46
4063,0.56
4064,0.48
4065,0.45
4066,0.14
4067,0.44
4068,1.0
4069,1.0
4070,0.37
4071,1.0
4072,1.0
4073,0.44
4074,0.48
4075,0.54
4076,1.0
4077,1.0
4078,1.0
4079,0.37
4080,0.53
4081,0.52
4082,0.54
4083,0.38
4084,0.37
4085,0.43
4086,0.32
4087,0.33
4088,0.29
4089,0.39
4090,1.0
4091,0.41
4092,1.0
4093,0.3
4094,0.41
4095,0.43
4096,0.58
4097,1.0
4098,0.41
4099,0.66
4100,0.47
4101,1.0
4102,0.49
4103,0.44
4104,1.0
4105,0.59
4106,0.33
4107,0.48
4108,1.0
4109,0.38
4110,1.0
4111,1.0
4112,0.38
4113,0.56
4114,1.0
4115,1.0
4116,0.51
4117,0.38
4118,0.48
4119,1.0
4120,0.35
4121,0.36
4122,0.53
4123,1.0
4124,0.34
4125,1.0
4126,0.31
4127,0.53
4128,1.0
4129,0.35
4130,0.42
4131,0.46
4132,0.51
4133,1.0
4134,0.66
4135,0.69
4136,0.33
4137,0.37
4138,0.51
4139,0.33
4140,0.31
4141,0.55
4142,0.64
4143,0.46
4144,0.26
4145,0.39
4146,1.0
4147,0.58
4148,0.36
4149,0.33
4150,0.46
4151,0.45
4152,1.0
4153,1.0
4154,0.35
4155,0.47
4156,1.0
4157,0.64
4158,1.0
4159,1.0
4160,1.0
4161,0.53
4162,0.4
4163,1.0
4164,0.52
4165,0.49
4166,1.0
4167,0.44
4168,1.0
4169,1.0
4170,0.51
4171,0.72
4172,0.44
4173,1.0
4174,0.41
4175,0.46
4176,0.37
4177,0.45
4178,0.42
4179,1.0
4180,0.61
4181,0.51
4182,0.41
4183,0.4
4184,0.45
4185,1.0
4186,0.24
4187,0.52
4188,1.0
4189,0.56
4190,0.56
4191,1.0
4192,0.38
4193,0.34
4194,0.51
4195,1.0
4196,0.42
4197,0.58
4198,0.32
4199,0.41
4200,1.0
4201,0.39
4202,0.54
4203,0.52
4204,0.64
4205,1.0
4206,0.45
4207,0.54
4208,0.38
4209,0.58
4210,0.34
4211,0.46
4212,1.0
4213,1.0
4214,0.46
4215,0.45
4216,1.0
4217,0.49
4218,0.46
4219,0.48
4220,0.35
4221,0.51
4222,0.21
4223,0.27
4224,0.15
4225,1.0
4226,1.0
4227,1.0
4228,1.0
4229,0.37
4230,0.68
4231,0.26
4232,1.0
4233,0.37
4234,0.59
4235,1.0
4236,1.0
4237,0.38
4238,0.55
4239,1.0
4240,0.21
4241,0.52
4242,0.59
4243,0.59
4244,1.0
4245,1.0
4246,1.0
4247,0.36
4248,0.51
4249,1.0
4250,0.22
4251,0.57
4252,0.68
4253,0.6
4254,0.44
4255,1.0
4256,0.63
4257,0.42
4258,1.0
4259,0.31
4260,1.0
4261,1.0
4262,0.34
4263,0.33
4264,0.45
4265,0.34
4266,0.62
4267,0.28
4268,1.0
4269,0.61
4270,0.27
4271,0.29
4272,0.39
4273,0.42
4274,1.0
4275,0.46
4276,0.52
4277,0.53
4278,0.4
4279,1.0
4280,0.38
4281,0.42
4282,0.6
4283,0.34
4284,0.34
4285,0.39
4286,0.33
4287,0.63
4288,0.29
4289,0.52
4290,0.34
4291,0.27
4292,0.54
4293,1.0
4294,0.36
4295,1.0
4296,0.43
4297,1.0
4298,0.41
4299,0.27
4300,1.0
4301,1.0
4302,0.59
4303,1.0
4304,0.36
4305,1.0
4306,1.0
4307,1.0
4308,1.0
4309,0.41
4310,1.0
4311,0.4
4312,1.0
4313,1.0
4314,0.38
4315,0.22
4316,1.0
4317,1.0
4318,0.52
4319,0.65
4320,0.57
4321,1.0
4322,0.41
4323,0.47
4324,0.41
4325,0.59
4326,0.54
4327,0.4
4328,0.44
4329,0.56
4330,0.49
4331,0.35
4332,1.0
4333,0.32
4334,0.39
4335,0.44
4336,0.48
4337,1.0
4338,1.0
4339,0.39
4340,0.38
4341,0.46
4342,0.25
4343,0.53
4344,0.3
4345,0.52
4346,0.72
4347,0.33
4348,0.43
4349,0.4
4350,0.54
4351,0.38
4352,0.46
4353,0.42
4354,0.59
4355,1.0
4356,0.5
4357,0.51
4358,1.0
4359,0.31
4360,0.18
4361,1.0
4362,0.44
4363,0.5
4364,0.41
4365,0.43
4366,1.0
4367,1.0
4368,0.44
4369,0.47
4370,1.0
4371,0.45
4372,1.0
4373,0.41
4374,1.0
4375,1.0
4376,0.58
4377,1.0
4378,1.0
4379,1.0
4380,0.47
4381,0.59
4382,1.0
4383,0.39
4384,1.0
4385,0.43
4386,1.0
4387,0.54
4388,1.0
4389,0.61
4390,0.44
4391,1.0
4392,0.41
4393,0.43
4394,0.55
4395,0.45
4396,0.28
4397,0.5
4398,0.34
4399,0.46
